constant,scenario,user_facing,channel,when,condition_ref,alternatives_group,how_chosen,status,line,text_preview
BTN_BACK_MAIN,buttons,button,keyboard,shown in keyboard when handler builds InlineKeyboard,BTN_BACK,BTN_BACK,conditional (if/elif),USED,4,"""⬅️ В главное меню"""
BTN_RECALC_LIMIT,buttons,button,keyboard,shown in keyboard when handler builds InlineKeyboard,buttons,,conditional (if/elif),USED,5,"""🔄 Пересчитать лимит"""
BTN_ECONOMIZE,buttons,button,keyboard,shown in keyboard when handler builds InlineKeyboard,buttons,,conditional (if/elif),USED,6,"""💪 Буду экономить"""
BTN_CANCEL,buttons,button,keyboard,shown in keyboard when handler builds InlineKeyboard,buttons,,conditional (if/elif),USED,7,"""⬅️ Отмена"""
BTN_BACK,buttons,button,keyboard,shown in keyboard when handler builds InlineKeyboard,BTN_BACK,BTN_BACK,conditional (if/elif),USED,8,"""⬅️ Назад"""
BTN_SKIP,buttons,button,keyboard,shown in keyboard when handler builds InlineKeyboard,buttons,,conditional (if/elif),USED,9,"""⏭️ Пропустить"""
BTN_TO_MAIN,buttons,button,keyboard,shown in keyboard when handler builds InlineKeyboard,buttons,,conditional (if/elif),USED,10,"""➡️ В главное меню"""
BTN_RESTART_BUDGET,buttons,button,keyboard,shown in keyboard when handler builds InlineKeyboard,buttons,,conditional (if/elif),USED,11,"""🔄 Перезапустить бюджет"""
BTN_ROLLOVER_KEEP,buttons,button,keyboard,shown in keyboard when handler builds InlineKeyboard,BTN_ROLLOVER,BTN_ROLLOVER,conditional (if/elif),USED,12,"""✅ Продлить план"""
BTN_ROLLOVER_EDIT,buttons,button,keyboard,shown in keyboard when handler builds InlineKeyboard,BTN_ROLLOVER,BTN_ROLLOVER,conditional (if/elif),USED,13,"""⚙️ Изменить"""
BTN_ROLLOVER_KEEP_INCOME,buttons,button,keyboard,shown in keyboard when handler builds InlineKeyboard,BTN_ROLLOVER,BTN_ROLLOVER,conditional (if/elif),USED,14,"""📦 Оставить {amount} ₽"""
BTN_ROLLOVER_KEEP_DATE,buttons,button,keyboard,shown in keyboard when handler builds InlineKeyboard,BTN_ROLLOVER,BTN_ROLLOVER,conditional (if/elif),USED,15,"""📦 Оставить {day}-е число"""
BTN_USE_SAVINGS_COMFORT,buttons,button,keyboard,shown in keyboard when handler builds InlineKeyboard,buttons,,conditional (if/elif),USED,17,"""🍏 Вернуть комфорт из Кубышки"""
BTN_RAISE_LIMIT_SAVINGS,buttons,button,keyboard,shown in keyboard when handler builds InlineKeyboard,buttons,,conditional (if/elif),USED,18,"""🟩 Поднять лимит из Кубышки"""
BTN_RESTORE_GREEN_SAVINGS,buttons,button,keyboard,shown in keyboard when handler builds InlineKeyboard,BTN_RESTORE,BTN_RESTORE,conditional (if/elif),USED,19,"""🚀 Вернуть Зеленую зону из Кубышки"""
BTN_EXIT_CRISIS_GREEN,buttons,button,keyboard,shown in keyboard when handler builds InlineKeyboard,buttons,,conditional (if/elif),USED,20,"""🚀 Выйти из кризиса в Зеленую зону"""
BTN_SAVE_BUDGET_SAVINGS,buttons,button,keyboard,shown in keyboard when handler builds InlineKeyboard,buttons,,conditional (if/elif),USED,21,"""🚨 Спасти бюджет из Кубышки"""
BTN_CHANGE_CATEGORY,buttons,button,keyboard,shown in keyboard when handler builds InlineKeyboard,BTN_CHANGE,BTN_CHANGE,conditional (if/elif),USED,23,"""✏️ Сменить категорию"""
BTN_NEW_CATEGORY,buttons,button,keyboard,shown in keyboard when handler builds InlineKeyboard,buttons,,conditional (if/elif),USED,24,"""✏️ Новая категория"""
BTN_CHANGE_BUDGET,buttons,button,keyboard,shown in keyboard when handler builds InlineKeyboard,BTN_CHANGE,BTN_CHANGE,conditional (if/elif),USED,25,"""🔄 Изменить бюджет"""
BTN_CHANGE_BUDGET_ADD,buttons,button,keyboard,shown in keyboard when handler builds InlineKeyboard,BTN_CHANGE,BTN_CHANGE,conditional (if/elif),USED,26,"""➕ Дополнительный доход"""
BTN_CHANGE_BUDGET_RECALC,buttons,button,keyboard,shown in keyboard when handler builds InlineKeyboard,BTN_CHANGE,BTN_CHANGE,conditional (if/elif),USED,27,"""💳 Остаток на карте"""
BTN_DAILY_LIMIT,buttons,button,keyboard,shown in keyboard when handler builds InlineKeyboard,buttons,,conditional (if/elif),USED,29,"""💰 Дневной лимит"""
BTN_ADD_EXPENSE,buttons,button,keyboard,shown in keyboard when handler builds InlineKeyboard,buttons,,conditional (if/elif),USED,30,"""💸 Добавить трату"""
BTN_STATUS,buttons,button,keyboard,shown in keyboard when handler builds InlineKeyboard,buttons,,conditional (if/elif),UNUSED,31,"""📊 Статус"""
BTN_HISTORY,buttons,button,keyboard,shown in keyboard when handler builds InlineKeyboard,BTN_HISTORY,BTN_HISTORY,conditional (if/elif),USED,32,"""📜 История"""
BTN_SETTINGS,buttons,button,keyboard,shown in keyboard when handler builds InlineKeyboard,buttons,,conditional (if/elif),USED,33,"""⚙️ Настройки"""
BTN_HELP,buttons,button,keyboard,shown in keyboard when handler builds InlineKeyboard,buttons,,conditional (if/elif),USED,34,"""📋 Помощь"""
BTN_MANDATORY,buttons,button,keyboard,shown in keyboard when handler builds InlineKeyboard,buttons,,conditional (if/elif),USED,36,"""📌 Обязательные"""
BTN_SAVINGS,buttons,button,keyboard,shown in keyboard when handler builds InlineKeyboard,buttons,,conditional (if/elif),USED,37,"""🏦 Кубышка"""
BTN_WISHLIST,buttons,button,keyboard,shown in keyboard when handler builds InlineKeyboard,buttons,,conditional (if/elif),USED,38,"""🎯 Хотелка"""
BTN_PERIOD_START,buttons,button,keyboard,shown in keyboard when handler builds InlineKeyboard,buttons,,conditional (if/elif),USED,39,"""📅 День старта"""
BTN_ROUNDING,buttons,button,keyboard,shown in keyboard when handler builds InlineKeyboard,BTN_ROUNDING,BTN_ROUNDING,conditional (if/elif),USED,40,"""🐖 Округление"""
BTN_ADVANCED_PLANNING,buttons,button,keyboard,shown in keyboard when handler builds InlineKeyboard,buttons,,conditional (if/elif),USED,41,"""🧾 Дополнительное планирование"""
BTN_TODAY,buttons,button,keyboard,shown in keyboard when handler builds InlineKeyboard,buttons,,conditional (if/elif),USED,43,"""📅 Сегодня ({day}-е)"""
BTN_FIRST_DAY,buttons,button,keyboard,shown in keyboard when handler builds InlineKeyboard,buttons,,conditional (if/elif),USED,44,"""1-е число"""
BTN_OTHER_DATE,buttons,button,keyboard,shown in keyboard when handler builds InlineKeyboard,buttons,,conditional (if/elif),USED,45,"""✏️ Другое число"""
BTN_ROUNDING_OFF,buttons,button,keyboard,shown in keyboard when handler builds InlineKeyboard,BTN_ROUNDING,BTN_ROUNDING,conditional (if/elif),USED,46,"""❌ Не надо"""
BTN_ROUNDING_10,buttons,button,keyboard,shown in keyboard when handler builds InlineKeyboard,BTN_ROUNDING,BTN_ROUNDING,conditional (if/elif),USED,47,"""10 ₽"""
BTN_ROUNDING_100,buttons,button,keyboard,shown in keyboard when handler builds InlineKeyboard,BTN_ROUNDING,BTN_ROUNDING,conditional (if/elif),USED,48,"""100 ₽"""
BTN_SHOW_REPORT,buttons,button,keyboard,shown in keyboard when handler builds InlineKeyboard,buttons,,conditional (if/elif),USED,50,"""🏁 Показать отчет"""
BTN_HISTORY_BACK,buttons,button,keyboard,shown in keyboard when handler builds InlineKeyboard,BTN_HISTORY,BTN_HISTORY,conditional (if/elif),USED,51,"""◀️ Назад"""
BTN_HISTORY_FWD,buttons,button,keyboard,shown in keyboard when handler builds InlineKeyboard,BTN_HISTORY,BTN_HISTORY,conditional (if/elif),USED,52,"""Вперед ▶️"""
BTN_BACK_TO_LIST,buttons,button,keyboard,shown in keyboard when handler builds InlineKeyboard,BTN_BACK,BTN_BACK,conditional (if/elif),USED,53,"""🔙 Назад к списку"""
BTN_BACK_TO_MENU,buttons,button,keyboard,shown in keyboard when handler builds InlineKeyboard,BTN_BACK,BTN_BACK,conditional (if/elif),USED,54,"""⬅️ В меню"""
BTN_EDIT_AMOUNT,buttons,button,keyboard,shown in keyboard when handler builds InlineKeyboard,buttons,,conditional (if/elif),USED,55,"""✏️ Изменить сумму"""
BTN_FIX_AMOUNT,buttons,button,keyboard,shown in keyboard when handler builds InlineKeyboard,buttons,,conditional (if/elif),USED,56,"""✏️ Исправить сумму"""
BTN_DELETE,buttons,button,keyboard,shown in keyboard when handler builds InlineKeyboard,buttons,,conditional (if/elif),USED,57,"""🗑️ Удалить"""
BTN_RESTORE,buttons,button,keyboard,shown in keyboard when handler builds InlineKeyboard,BTN_RESTORE,BTN_RESTORE,conditional (if/elif),USED,58,"""↩️ Восстановить"""
ERR_GENERIC,errors,error,message,on validation failure / exception,errors,,conditional (if/elif),USED,61,"""❌ Что-то пошло не так. Попробуй /start ещё раз."""
ERR_SAVINGS_EMPTY,errors,error,message,on validation failure / exception,errors,,conditional (if/elif),USED,62,"""❌ Кубышка пуста. Нечего переносить."""
ERR_DB,errors,error,message,on validation failure / exception,errors,,conditional (if/elif),USED,63,"""❌ Ошибка базы данных. Попробуй /start ещё раз."""
ERR_INVALID_NUMBER,errors,error,message,on validation failure / exception,ERR_INVALID,ERR_INVALID,conditional (if/elif),USED,64,"""❌ Введи число. Например: {example}"""
ERR_TOO_MANY_RETRIES,errors,error,message,on validation failure / exception,errors,,conditional (if/elif),USED,65,"""🙅 Слишком много неудачных попыток. Возвращаю в меню."""
ERR_EXPENSE_SAVE,errors,error,message,on validation failure / exception,ERR_EXPENSE,ERR_EXPENSE,conditional (if/elif),USED,66,"""❌ Ошибка при сохранении трат. Попробуй ещё раз."""
ERR_INVALID_DATA,errors,error,message,on validation failure / exception,ERR_INVALID,ERR_INVALID,conditional (if/elif),USED,67,"""❌ Ошибка в данных."""
ERR_EXPENSE_NOT_FOUND,errors,error,message,on validation failure / exception,ERR_EXPENSE,ERR_EXPENSE,conditional (if/elif),USED,68,"""❌ Трата не найдена."""
ERR_EXPENSE_NOT_FOUND_DELETED,errors,error,message,on validation failure / exception,ERR_EXPENSE,ERR_EXPENSE,conditional (if/elif),USED,69,"""❌ Трата не найдена или уже удалена."""
ERR_CATEGORY_NOT_FOUND,errors,error,message,on validation failure / exception,ERR_CATEGORY,ERR_CATEGORY,conditional (if/elif),USED,70,"""❌ Категория не найдена."""
ERR_CATEGORY_EXISTS,errors,error,message,on validation failure / exception,ERR_CATEGORY,ERR_CATEGORY,conditional (if/elif),USED,71,"""❌ Категория «{name}» уже существует.\nНапиши другое название или нажми «Отмена»:"""
ERR_NAME_LENGTH,errors,error,message,on validation failure / exception,errors,,conditional (if/elif),USED,74,"""❌ Название должно быть от 1 до 30 символов. Попробуй ещё раз:"""
ERR_DELETE_FAILED,errors,error,message,on validation failure / exception,errors,,conditional (if/elif),USED,75,"""❌ Не удалось удалить трату. Она уже удалена или не найдена."""
ERR_RESTORE_FAILED,errors,error,message,on validation failure / exception,errors,,conditional (if/elif),USED,76,"""❌ Не удалось восстановить трату."""
ERR_NO_BUDGET,errors,error,message,on validation failure / exception,errors,,conditional (if/elif),USED,77,"""❌ Сначала настрой бюджет через /start"""
ERR_REPORT_FAILED,errors,error,message,on validation failure / exception,errors,,conditional (if/elif),USED,78,"""❌ Не удалось сформировать отчёт. Возможно; у тебя ещё нет бюджета ""\n    ""на этот месяц.\nНажми /start; чтобы настроить!"""
ERR_VOICE,errors,error,message,on validation failure / exception,errors,,conditional (if/elif),USED,82,"""🎤 Я не умею обрабатывать голосовые сообщения.\n""\n    ""Напиши сумму и описание текстом; например: 500 кофе"""
ERR_MEDIA,errors,error,message,on validation failure / exception,errors,,conditional (if/elif),USED,86,"""📎 Я понимаю только текстовые сообщения.\nНапиши сумму и описание; например: 500 кофе"""
ERR_PARSE_EXPENSE,errors,error,message,on validation failure / exception,errors,,conditional (if/elif),USED,87,"""❌ Не понял сумму. Напиши числом; например: «500 такси»"""
ERR_EMPTY_EXPENSE,errors,error,message,on validation failure / exception,errors,,conditional (if/elif),USED,88,"""❓ Напиши трату текстом; например: «500 такси»"""
ERR_MATH_ERROR,errors,error,message,on validation failure / exception,ERR_MATH,ERR_MATH,conditional (if/elif),USED,89,"""❌ Не могу разобрать формулу: <code>{detail}</code>\n\n""\n    ""Попробуй написать проще; например: <code>300 + 200 кофе</code>"""
ERR_MATH_CORRECTED,errors,error,message,on validation failure / exception,ERR_MATH,ERR_MATH,conditional (if/elif),USED,93,"""⚠️ Я поправил формулу: {hint}"""
ERR_NEGATIVE_RESULT,errors,error,message,on validation failure / exception,errors,,conditional (if/elif),USED,94,"""выражение дало {total:;.0f}₽ — отрицательная сумма"""
ERR_ZERO_RESULT,errors,error,message,on validation failure / exception,errors,,conditional (if/elif),USED,95,"""выражение дало 0₽ — нулевая сумма"""
ERR_DIV_BY_ZERO,errors,error,message,on validation failure / exception,errors,,conditional (if/elif),USED,96,"""деление на ноль"""
ERR_MISSING_NUMBER,errors,error,message,on validation failure / exception,errors,,conditional (if/elif),USED,97,"""не хватает числа после знака"""
ERR_CANNOT_PARSE,errors,error,message,on validation failure / exception,errors,,conditional (if/elif),USED,98,"""не могу разобрать формулу"""
HINT_TRAILING_OP,errors,internal,message,on validation failure / exception,errors,,conditional (if/elif),USED,100,"""убрал лишний знак в конце"""
HINT_CLOSED_PAREN,errors,internal,message,on validation failure / exception,errors,,conditional (if/elif),USED,101,"""закрыл скобку за тебя"""
HINT_REMOVED_PAREN,errors,internal,message,on validation failure / exception,errors,,conditional (if/elif),USED,102,"""убрал лишнюю скобку"""
HINT_DOUBLE_OPS,errors,internal,message,on validation failure / exception,errors,,conditional (if/elif),USED,103,"""поправил двойные знаки"""
HINT_JUNK_CHARS,errors,internal,message,on validation failure / exception,errors,,conditional (if/elif),USED,104,"""убрал лишний знак"""
ERR_WISHLIST_EMPTY,errors,error,message,on validation failure / exception,errors,,conditional (if/elif),USED,105,"""❌ В Хотелке пока пусто. Попробуй другой вариант."""
WELCOME_MENU,onboarding,message,message,BudgetSetup FSM / /start,onboarding,,conditional (if/elif),USED,108,"""👋 Выбери действие:"""
HELP_TEXT,common,message,message,global greeting / fallback,common,,conditional (if/elif),USED,110,"""📋 <b>Что я умею:</b>\n\n""\n    ""💸 <b>Добавить трату</b> — записать расход\n""\n    ""📈 <b>Статус</b> — сколько осталось\n""\n    ""⚙️ <b>Настройки</b> — изменить бюджет\n\n""\n    ""Или просто напиши сумму"
ONBOARDING_START,onboarding,message,message,BudgetSetup FSM / /start,onboarding,,conditional (if/elif),USED,119,"""📊 Давай настроим бюджет!\n\n""\n    ""Начнём с фундамента: сколько ресурсов у нас в распоряжении на этот месяц?\n""\n    ""Чистая математика; никакого осуждения.\n\n""\n    ""Введи общую сумму (например: 5"
ONBOARDING_RESTART,onboarding,message,message,BudgetSetup FSM / /start,onboarding,,conditional (if/elif),USED,126,"""📊 Давай настроим бюджет заново!\n\n""\n    ""Начнём с фундамента: сколько ресурсов у нас в распоряжении на этот месяц?\n""\n    ""Чистая математика; никакого осуждения.\n\n""\n    ""Введи общую сумму (напр"
WELCOME_BACK,onboarding,message,message,BudgetSetup FSM / /start,onboarding,,conditional (if/elif),USED,133,"""👋 Рад видеть тебя снова!\n\n""\n    ""Ты уже настроил свой бюджет. Кубышка и Хотелка в безопасности.\n""\n    ""Что хочешь сделать?"""
NO_BUDGET,onboarding,message,message,BudgetSetup FSM / /start,NO_BUDGET,NO_BUDGET,conditional (if/elif),USED,139,"""👋 Привет!\n\nУ тебя нет бюджета на этот месяц. Нажми /start!"""
NO_BUDGET_SHORT,onboarding,message,message,BudgetSetup FSM / /start,NO_BUDGET,NO_BUDGET,conditional (if/elif),UNUSED,140,"""👋 У тебя пока нет бюджета. Нажми /start!"""
NO_BUDGET_MONTH,onboarding,message,message,BudgetSetup FSM / /start,NO_BUDGET,NO_BUDGET,conditional (if/elif),UNUSED,141,"""👋 Нет бюджета на этот месяц. Нажми /start!"""
NO_BUDGET_SETTINGS,onboarding,message,message,BudgetSetup FSM / /start,NO_BUDGET,NO_BUDGET,conditional (if/elif),USED,142,"""👋 Привет!\nТы ещё не настраивал бюджет. Нажми /start!"""
STATUS_REMAINING_OK,status,message,message,_build_status on menu_status / BTN_DAILY_LIMIT,STATUS_REMAINING,STATUS_REMAINING,conditional (if/elif),UNUSED,144,"""🟢 <b>Осталось на сегодня:</b> {amount} ₽"""
STATUS_REMAINING_STOP,status,message,message,_build_status on menu_status / BTN_DAILY_LIMIT,STATUS_REMAINING,STATUS_REMAINING,conditional (if/elif),UNUSED,145,"""🛑 <b>Осталось на сегодня:</b> 0 ₽ (Траты на сегодня стоп!)"""
STATUS_SPENT_TODAY,status,message,message,_build_status on menu_status / BTN_DAILY_LIMIT,STATUS_SPENT,STATUS_SPENT,conditional (if/elif),UNUSED,146,"""📉 <b>Потрачено сегодня:</b> {amount} ₽"""
STATUS_BIG_SPEND,status,message,message,_build_status on menu_status / BTN_DAILY_LIMIT,status,,conditional (if/elif),UNUSED,147,""" 🚨 (Ого; мощный расход!)"""
STATUS_PERIOD_NEGATIVE,status,message,message,_build_status on menu_status / BTN_DAILY_LIMIT,STATUS_PERIOD,STATUS_PERIOD,conditional (if/elif),UNUSED,148,"""💵 <b>Остаток на жизнь:</b> {amount} ₽ 💸"""
STATUS_PERIOD_POSITIVE,status,message,message,_build_status on menu_status / BTN_DAILY_LIMIT,STATUS_PERIOD,STATUS_PERIOD,conditional (if/elif),UNUSED,149,"""💵 <b>Остаток на жизнь:</b> {amount} ₽"""
STATUS_PERIOD_ZERO,status,message,message,_build_status on menu_status / BTN_DAILY_LIMIT,STATUS_PERIOD,STATUS_PERIOD,conditional (if/elif),UNUSED,150,"""💵 <b>Остаток на жизнь:</b> 0 ₽ 💸"""
EXPENSE_SAVED_LINE,history_expense,message,message,history / expense save/edit/delete,EXPENSE_SAVED,EXPENSE_SAVED,conditional (if/elif),USED,152,"""💰 {amount}₽ — {desc} {emoji}{cat}"""
EXPENSE_SAVED_ALL,history_expense,message,message,history / expense save/edit/delete,EXPENSE_SAVED,EXPENSE_SAVED,conditional (if/elif),USED,153,"""✅ Записано!\n\n{lines}{round_up}"""
CATEGORY_CHANGED,categories,message,message,Category management callbacks,categories,,conditional (if/elif),USED,154,"""✅ Категория изменена!\n\n💰 {amount}₽ — {desc}\n{emoji} {cat}"""
BACK_NAV,other,message,message,other,other,,conditional (if/elif),USED,155,"""\u200b"""
CANCEL_RECALC,other,message,message,other,other,,conditional (if/elif),UNUSED,156,"""❌ Отменено. Возвращаю в меню."""
NEW_CATEGORY_PROMPT,other,message,message,other,NEW_CATEGORY,NEW_CATEGORY,conditional (if/elif),DUPLICATE,157,"""✏️ Напиши название новой категории:\n\nНапример: Книги; Алкоголь; Животные"""
CATEGORY_CREATED,categories,message,message,Category management callbacks,categories,,conditional (if/elif),USED,158,"""✅ Новая категория «{name}» создана!\nЯ запомнил слово «{desc}» для этой категории."""
CATEGORY_PICKER,categories,message,message,Category management callbacks,categories,,conditional (if/elif),USED,161,"""📂 Выбери категорию:"""
CHANGE_BUDGET_CHOICE,settings_budget,message,message,settings / advanced / mandatory / savings / wishlist,settings_budget,,conditional (if/elif),USED,163,"""Что хочешь сделать?\n\n""\n    ""➕ <b>Дополнительный доход</b> — премия; аванс; подработка\n""\n    ""💳 <b>Остаток на карте</b> — посмотрел сколько всего денег; ""\n    ""пересчитать на оставшиеся дни"""
RECALC_LIMIT_PROMPT,settings_budget,message,message,settings / advanced / mandatory / savings / wishlist,RECALC_LIMIT,RECALC_LIMIT,conditional (if/elif),USED,170,"""Понимаю; выбились из графика. Введи; сколько денег у тебя ""\n    ""<b>СЕЙЧАС</b> осталось на карте; и я раскидаю их на оставшиеся дни."""
RECALC_LIMIT_DONE,settings_budget,message,message,settings / advanced / mandatory / savings / wishlist,RECALC_LIMIT,RECALC_LIMIT,conditional (if/elif),USED,175,"""✅ Готово! Новый лимит на оставшиеся дни: ""\n    ""<b>{limit} ₽</b>/день\n\n""\n    ""💰 На жизнь: {money} ₽\n""\n    ""📅 Осталось дней: {days}"""
NEW_CATEGORY_PROMPT,other,message,message,other,NEW_CATEGORY,NEW_CATEGORY,conditional (if/elif),DUPLICATE,182,"""✏️ Напиши название новой категории:\n\nНапример: Книги; Алкоголь; Животные"""
REDUCE_LIMIT_ACCEPTED,other,message,message,other,other,,conditional (if/elif),USED,184,"""✅ Принято! Остаток месяца проживём с урезанным лимитом. Я пересчитал бюджет."""
COVERED_FROM_WISHLIST,other,message,message,other,other,,conditional (if/elif),USED,188,"""🎯 Покрыли {amount}₽ из Хотелки! Остаток: {remain}₽"""
TAKEN_FROM_SAVINGS,other,message,message,other,other,,conditional (if/elif),USED,189,"""🆘 Взяли из Кубышки! Остаток в заначке: {amount}₽"""
ADD_EXPENSE_PROMPT,other,message,message,other,other,,conditional (if/elif),USED,191,"""💸 Добавить трату!\n\nВведи сумму и описание:\nНапример: 500 кофе"""
ONBOARDING_PERIOD_DONE,onboarding,message,message,BudgetSetup FSM / /start,onboarding,,conditional (if/elif),USED,193,"""✅ Хорошо; период = с 1-го числа.\n\n""\n    ""Теперь отсечем всё лишнее: аренду; счета и прочую бытовую рутину.\n""\n    ""Сколько у нас уходит на обязательные платежи?"""
ONBOARDING_MANDATORY_PROMPT,onboarding,message,message,BudgetSetup FSM / /start,onboarding,,conditional (if/elif),USED,198,"""✅ Хорошо.\n\n""\n    ""Ок. А теперь давай создадим твою подушку безопасности ""\n    ""на случай внезапных приключений.\n""\n    'Сколько будем откладывать в месяц в ""Кубышка""?'"
ONBOARDING_WISHLIST_PROMPT,onboarding,message,message,BudgetSetup FSM / /start,onboarding,,conditional (if/elif),USED,204,"""✅ Отлично!\n\n""\n    ""А теперь о приятном: ради какой большой цели мы всё это затеяли?\n\n""\n    ""Напиши название и сумму одним сообщением:\n""\n    ""Например: Ноутбук 50000\n\n""\n    ""Или нажми «Проп"
ONBOARDING_ROUNDING_PROMPT,onboarding,message,message,BudgetSetup FSM / /start,onboarding,,conditional (if/elif),USED,211,"""✅ Запомнил!\n\n""\n    ""🐖 Бро; хочешь копить незаметно? ""\n    ""Я могу округлять твои траты; а сдачу закидывать в копилку.\n\n""\n    ""До какого шага округляем?"""
BUDGET_COMPLETE,onboarding,message,message,BudgetSetup FSM / /start,onboarding,,conditional (if/elif),UNUSED,218,"""🎉 <b>Готово!</b>\n\n""\n    ""📊 Бюджет на {month}:\n""\n    ""• Общий доход: {income}₽\n""\n    ""• Обязательные: {mandatory}₽\n""\n    ""• Кубышка: {black_day}₽\n""\n    ""• Хотелка: {wishlist}₽\n""\n    ""{per"
ONBOARDING_HINT_SETTINGS,onboarding,message,message,BudgetSetup FSM / /start,onboarding,,conditional (if/elif),USED,229,"""💡 Если захочешь — дополнительные настройки бюджета есть в ⚙️ Настройках."""
PERIOD_START_CHOICE,onboarding,message,message,BudgetSetup FSM / /start,onboarding,,conditional (if/elif),USED,233,"""📅 А какого числа у тебя обычно начинается финансовый месяц?\n""\n    ""(Когда приходит основная зарплата)"""
PERIOD_CUSTOM_PROMPT,onboarding,message,message,BudgetSetup FSM / /start,onboarding,,conditional (if/elif),USED,237,"""✏️ Напиши число (1-31):"""
FSM_INTERRUPT_PERIOD,other,message,message,other,other,,conditional (if/elif),USED,238,"""Мы тут вообще-то период настраиваем. Давай закончим с датой; ""\n    ""или нажми «Отмена»; если передумал."""
INCOME_SAVED_PERIOD,onboarding,message,message,BudgetSetup FSM / /start,onboarding,,conditional (if/elif),UNUSED,243,"""✅ Запомнил!\n\n""\n    ""Теперь отсечем всё лишнее: аренду; счета и прочую бытовую рутину.\n""\n    ""Сколько у нас уходит на обязательные платежи?"""
PERIOD_UPDATED,onboarding,message,message,BudgetSetup FSM / /start,onboarding,,conditional (if/elif),USED,249,"""✅ Готово! Период обновлён — с {day}-го числа."""
PERIOD_SET_PERIOD,onboarding,message,message,BudgetSetup FSM / /start,onboarding,,conditional (if/elif),UNUSED,250,"""✅ Запомнил!\n\n{mandatory_prompt}"""
ROUNDING_LABEL_OFF,settings_budget,message,message,settings / advanced / mandatory / savings / wishlist,settings_budget,,conditional (if/elif),USED,252,"""выключено"""
ROUNDING_SAVED,settings_budget,message,message,settings / advanced / mandatory / savings / wishlist,settings_budget,,conditional (if/elif),USED,253,"""✅ Готово! Округление: <b>{label}</b>"""
INCOME_ADD_PROMPT,onboarding,message,message,BudgetSetup FSM / /start,onboarding,,conditional (if/elif),USED,255,"""➕ Введи сумму; которую хочешь добавить к текущему доходу:"""
MANDATORY_EDIT_PROMPT,settings_budget,message,message,settings / advanced / mandatory / savings / wishlist,settings_budget,,conditional (if/elif),USED,256,"""📌 Введи новую сумму обязательных:"""
SAVINGS_EDIT_PROMPT,settings_budget,message,message,settings / advanced / mandatory / savings / wishlist,settings_budget,,conditional (if/elif),USED,257,"""🏦 Введи новую сумму кубышки:"""
WISHLIST_EDIT_PROMPT,settings_budget,message,message,settings / advanced / mandatory / savings / wishlist,settings_budget,,conditional (if/elif),USED,258,"""🎯 Введи название и сумму хотелки:\nНапример: Ноутбук 50000"""
PERIOD_EDIT_PROMPT,onboarding,message,message,BudgetSetup FSM / /start,onboarding,,conditional (if/elif),USED,259,"""📅 А какого числа у тебя начинается финансовый месяц?\n(Когда приходит основная зарплата)"""
INCOME_ADDED,onboarding,message,message,BudgetSetup FSM / /start,onboarding,,conditional (if/elif),USED,263,"""✅ Готово! Доход увеличен на {amount}₽\n💰 Текущий доход: {total}₽"""
MANDATORY_UPDATED,settings_budget,message,message,settings / advanced / mandatory / savings / wishlist,settings_budget,,conditional (if/elif),USED,264,"""✅ Готово! Обязательные: {amount}₽"""
SAVINGS_UPDATED,settings_budget,message,message,settings / advanced / mandatory / savings / wishlist,settings_budget,,conditional (if/elif),USED,265,"""✅ Готово! Кубышка: {amount}₽"""
ROUNDING_SETTINGS,settings_budget,message,message,settings / advanced / mandatory / savings / wishlist,settings_budget,,conditional (if/elif),USED,267,"""🐖 Сейчас округление: <b>{label}</b>\n\n""\n    ""Мне округлять твои траты; а сдачу закидывать в копилку?"""
UNRECOGNIZED,common,message,message,global greeting / fallback,common,,conditional (if/elif),USED,272,"""👋 Воспользуйся кнопками в меню!"""
UNRECOGNIZED_TEXT,common,message,message,global greeting / fallback,common,,conditional (if/elif),UNUSED,274,"'👋 Не понял...\n\nНапиши сумму и описание; например:\n""500 кофе"" или нажми кнопку в меню'"
HISTORY_EMPTY,history_expense,message,message,history / expense save/edit/delete,HISTORY_EMPTY,HISTORY_EMPTY,conditional (if/elif),USED,278,"""📜 <b>История трат</b>\n\n""\n    ""У тебя пока нет записанных трат.\n""\n    ""Нажми «💸 Добавить трату»; чтобы начать!"""
HISTORY_EMPTY_BACK,history_expense,message,message,history / expense save/edit/delete,HISTORY_EMPTY,HISTORY_EMPTY,conditional (if/elif),USED,283,"""📜 <b>История трат</b>\n\nСписок пуст."""
HISTORY_PAGE,history_expense,message,message,history / expense save/edit/delete,history_expense,,conditional (if/elif),USED,284,"""📜 <b>История трат (стр. {page}/{total}):</b>\n\n"""
HISTORY_LINE,history_expense,message,message,history / expense save/edit/delete,history_expense,,conditional (if/elif),USED,285,"""{idx}. {emoji} {amount}₽ — {desc} ({date})"""
EXPENSE_DETAIL,history_expense,message,message,history / expense save/edit/delete,history_expense,,conditional (if/elif),USED,287,"""⚙️ <b>Управление транзакцией:</b>\n\n""\n    ""{emoji} <b>{cat}</b>\n""\n    ""💰 <b>Сумма:</b> {amount}₽\n""\n    ""📝 <b>Описание:</b> {desc}\n""\n    ""📅 <b>Дата:</b> {date}"""
DELETE_CONFIRM,history_expense,message,message,history / expense save/edit/delete,history_expense,,conditional (if/elif),USED,295,"""🗑️ <b>Трата удалена</b>\n\n💰 {amount}₽ — {desc}\n\nЕсли ошиблись — нажмите «Восстановить»"""
RESTORE_CONFIRM,history_expense,message,message,history / expense save/edit/delete,history_expense,,conditional (if/elif),USED,298,"""✅ <b>Трата восстановлена!</b>\n\n💰 {amount}₽ — {desc}"""
EDIT_AMOUNT_PROMPT,history_expense,message,message,history / expense save/edit/delete,history_expense,,conditional (if/elif),USED,300,"""✏️ Введи новую сумму для траты:\n\n💰 Текущая сумма: {amount}₽\n📝 {desc}"""
AMOUNT_UPDATED,history_expense,message,message,history / expense save/edit/delete,history_expense,,conditional (if/elif),USED,301,"""✅ <b>Сумма обновлена!</b>\n\n💰 Новая сумма: {amount}₽\n📝 {desc}"""
EVENING_INITIAL,evening_report,message,message,22:00 teaser / 23:30 auto-close / get_evening_message,evening_report,,conditional (if/elif),USED,304,"""👁 День подошел к концу; время зафиксировать добычу.\n\n""\n    ""Если забыл внести какие-то расходы (аптеку; такси или тот самый кофе); ""\n    ""просто напиши их сюда обычным сообщением. Я добавлю их к "
EVENING_CONTAINER,evening_report,message,message,22:00 teaser / 23:30 auto-close / get_evening_message,evening_report,,conditional (if/elif),USED,311,"""👁 Оп; поймал. Докидываю в общую кучу; вот что пока вспомнили:\n\n""\n    ""{expenses}\n\n""\n    ""Что-то еще выпало из кармана? Пиши; не стесняйся. Или сворачиваемся."""
EVENING_LINE_DESC,evening_report,message,message,22:00 teaser / 23:30 auto-close / get_evening_message,EVENING_LINE,EVENING_LINE,conditional (if/elif),USED,317,"""  💰 {amount}₽ — {desc}"""
EVENING_LINE,evening_report,message,message,22:00 teaser / 23:30 auto-close / get_evening_message,EVENING_LINE,EVENING_LINE,conditional (if/elif),USED,318,"""  💰 {amount}₽"""
EVENING_SAVED,evening_report,message,message,22:00 teaser / 23:30 auto-close / get_evening_message,evening_report,,conditional (if/elif),USED,319,"""✅ {emoji}{amount}₽ — {desc} записано!"""
EVENING_TIMEOUT,evening_report,message,message,22:00 teaser / 23:30 auto-close / get_evening_message,evening_report,,conditional (if/elif),USED,320,"""⏱ Время отчёта истекло. Вы не завершили настройку; ""\n    ""мы сбросили её; чтобы зафиксировать итоги дня.\n\n""\n    ""Вот ваши цифры за сегодня:"""
MORNING_GREETING,morning_report,message,message,08:00 send_morning_reports per user,morning_report,,conditional (if/elif),USED,327,"""☀️ Доброе утро; бро!\n\n"""
MORNING_TODAY_PLAN,morning_report,message,message,08:00 send_morning_reports per user,morning_report,,conditional (if/elif),USED,328,"""📋 План на сегодня: {limit} ₽/день"""
YESTERDAY_OK,morning_report,message,message,08:00 send_morning_reports per user,morning_report,,conditional (if/elif),USED,330,"""📅 <b>Вчера:</b> потрачено {spent} ₽ из {limit} ₽ ✅"""
YESTERDAY_OVER,morning_report,message,message,08:00 send_morning_reports per user,morning_report,,conditional (if/elif),USED,331,"""📅 <b>Вчера:</b> потрачено {spent} ₽ из {limit} ₽ — перерасход <b>{over} ₽</b> 🚨"""
ZONE_END_EMPTY_1,morning_report,message,message,08:00 send_morning_reports per user,ZONE_END,ZONE_END,random.choice(2-4),USED,333,"""Финишная прямая; но деньги на нуле. 🏁 Осталось {days} дн. Держимся на морально-волевых!"""
ZONE_END_EMPTY_2,morning_report,message,message,08:00 send_morning_reports per user,ZONE_END,ZONE_END,random.choice(2-4),USED,336,"""До конца периода {days} дн.; кэш закончился. 💪 Терпим; бро; финиш уже виден!"""
ZONE_END_OK_1,morning_report,message,message,08:00 send_morning_reports per user,ZONE_END,ZONE_END,random.choice(2-4),USED,337,"""Осталось {days} дн. до конца периода; а у нас ещё {money} ₽! 🥳 Отличный финиш!"""
ZONE_END_OK_2,morning_report,message,message,08:00 send_morning_reports per user,ZONE_END,ZONE_END,random.choice(2-4),USED,338,"""Финишная прямая с деньгами в кармане! 🥳 До конца периода {days} дн.; остаток {money} ₽."""
ZONE_GREEN_1,morning_report,message,message,08:00 send_morning_reports per user,ZONE_GREEN,ZONE_GREEN,random.choice(2-4),USED,341,"""🟩 Всё по плану! Прогнозный лимит: {limit} ₽/день. Продолжаем в том же духе!"""
ZONE_GREEN_2,morning_report,message,message,08:00 send_morning_reports per user,ZONE_GREEN,ZONE_GREEN,random.choice(2-4),USED,342,"""🟩 Идём идеально по графику. Прогноз: {limit} ₽/день."""
ZONE_YELLOW_LIGHT_1,morning_report,message,message,08:00 send_morning_reports per user,ZONE_YELLOW,ZONE_YELLOW,random.choice(2-4),USED,343,"""📉 Мы потихоньку отстаём от графика. Прогноз: {limit} ₽/день. Давай чуть притормозим?"""
ZONE_YELLOW_LIGHT_2,morning_report,message,message,08:00 send_morning_reports per user,ZONE_YELLOW,ZONE_YELLOW,random.choice(2-4),USED,346,"""📉 Прогнозный лимит снизился до {limit} ₽/день. Включаем осознанность!"""
MORNING_YELLOW_SIM_GREEN_1,morning_report,message,message,08:00 send_morning_reports per user,MORNING_YELLOW,MORNING_YELLOW,random.choice(2-4),USED,348,"""🟨 Режим турбо-экономии! Прогноз: {limit} ₽/день.\n""\n    ""💡 Кубышка ({savings} ₽) вернёт нас в зелёную зону — лимит будет {sim_limit} ₽/день!"""
MORNING_YELLOW_SIM_GREEN_2,morning_report,message,message,08:00 send_morning_reports per user,MORNING_YELLOW,MORNING_YELLOW,random.choice(2-4),USED,352,"""🟨 Затягиваем пояса — прогноз {limit} ₽/день.\n""\n    ""💡 Вскрываем Кубышку? Это подбросит лимит до {sim_limit} ₽/день!"""
MORNING_YELLOW_SIM_BLUE_1,morning_report,message,message,08:00 send_morning_reports per user,MORNING_YELLOW,MORNING_YELLOW,random.choice(2-4),USED,356,"""🟨 Режим турбо-экономии! Прогноз: {limit} ₽/день.\n""\n    ""💡 Кубышка поднимет лимит до <b>{sim_limit} ₽</b>/день."""
MORNING_YELLOW_SIM_BLUE_2,morning_report,message,message,08:00 send_morning_reports per user,MORNING_YELLOW,MORNING_YELLOW,random.choice(2-4),USED,360,"""🟨 Бюджет трещит по швам; прогноз {limit} ₽/день.\n""\n    ""💡 Кубышка готова помочь — поднимем планку до {sim_limit} ₽/день!"""
MORNING_YELLOW_SIM_NONE_1,morning_report,message,message,08:00 send_morning_reports per user,MORNING_YELLOW,MORNING_YELLOW,random.choice(2-4),USED,364,"""🟨 Режим турбо-экономии. Прогноз: {limit} ₽/день. Держимся!"""
MORNING_YELLOW_SIM_NONE_2,morning_report,message,message,08:00 send_morning_reports per user,MORNING_YELLOW,MORNING_YELLOW,random.choice(2-4),USED,365,"""🟨 Включаю режим супер-экономии. Прогноз {limit} ₽/день."""
MORNING_RED_SIM_GREEN_1,morning_report,message,message,08:00 send_morning_reports per user,MORNING_RED,MORNING_RED,random.choice(2-4),USED,366,"""🔴 Мы на дне! Прогноз: {limit} ₽/день.\n""\n    ""💡 Кубышка ({savings} ₽) моментом вытащит нас! Лимит взлетит до <b>{sim_limit} ₽</b>/день!"""
MORNING_RED_SIM_GREEN_2,morning_report,message,message,08:00 send_morning_reports per user,MORNING_RED,MORNING_RED,random.choice(2-4),USED,370,"""🔴 Критическая ситуация: {limit} ₽/день.\n""\n    ""💡 Секретное оружие — Кубышка! Лимит станет {sim_limit} ₽/день!"""
MORNING_RED_SIM_BLUE_1,morning_report,message,message,08:00 send_morning_reports per user,MORNING_RED,MORNING_RED,random.choice(2-4),USED,374,"""🔴 Глубокое пике. Прогноз: {limit} ₽/день.\n""\n    ""💡 Кубышка вытащит нас в стабильную зону: {sim_limit} ₽/день!"""
MORNING_RED_SIM_BLUE_2,morning_report,message,message,08:00 send_morning_reports per user,MORNING_RED,MORNING_RED,random.choice(2-4),USED,378,"""🔴 Бюджет на минимуме — {limit} ₽/день.\n""\n    ""💡 Время вскрывать резервы! Кубышка поднимет лимит до {sim_limit} ₽/день!"""
MORNING_RED_SIM_YELLOW_1,morning_report,message,message,08:00 send_morning_reports per user,MORNING_RED,MORNING_RED,random.choice(2-4),USED,382,"""🔴 Мы на дне. Прогноз: {limit} ₽/день.\n""\n    ""💡 Кубышка ({savings} ₽) подрастит лимит до {sim_limit} ₽/день."""
MORNING_RED_SIM_YELLOW_2,morning_report,message,message,08:00 send_morning_reports per user,MORNING_RED,MORNING_RED,random.choice(2-4),USED,386,"""🔴 Денег почти не осталось — {limit} ₽/день.\n""\n    ""💡 Кубышка смягчит падение: лимит будет {sim_limit} ₽/день."""
MORNING_RED_DEAD_1,morning_report,message,message,08:00 send_morning_reports per user,MORNING_RED,MORNING_RED,random.choice(2-4),USED,390,"""🔴 Мы пробили дно. Денег нет. 🚀 Нужен пересчёт лимита."""
MORNING_RED_DEAD_2,morning_report,message,message,08:00 send_morning_reports per user,MORNING_RED,MORNING_RED,random.choice(2-4),USED,391,"""🔴 Катастрофа! Бюджет исчерпан. Пора пересчитать лимит."""
EVENING_ZERO_1,evening_report,message,message,22:00 teaser / 23:30 auto-close / get_evening_message,EVENING_ZERO,EVENING_ZERO,random.choice(2-4),USED,394,"""🔋 <b>Вечерний итог:</b>\n""\n    ""Бро; сегодня трат не было! Лимит {limit}₽ — целёхонек. ""\n    ""Если сегодня всё-таки были расходы и ты забыл их записать; ""\n    ""допиши прямо сейчас — я пересчитаю! "
EVENING_ZERO_2,evening_report,message,message,22:00 teaser / 23:30 auto-close / get_evening_message,EVENING_ZERO,EVENING_ZERO,random.choice(2-4),USED,400,"""🌟 <b>День без трат?</b>\n""\n    ""Хм; интересно. Либо ты сегодня непривычно frugal; ""\n    ""либо забыл что-то внести. Напоминаю: траты можно дописывать ""\n    ""в любой момент обычным сообщением."""
EVENING_ZERO_3,evening_report,message,message,22:00 teaser / 23:30 auto-close / get_evening_message,EVENING_ZERO,EVENING_ZERO,random.choice(2-4),USED,406,"""💎 <b>Финансовый отчёт:</b>\n""\n    ""За день потрачено 0₽. Если это ошибка и ты что-то упустил — ""\n    ""просто напиши мне сумму; я обновлю отчёт и пересчитаю прогноз!"""
EVENING_GREEN_1,evening_report,message,message,22:00 teaser / 23:30 auto-close / get_evening_message,EVENING_GREEN,EVENING_GREEN,random.choice(2-4),USED,412,"""🔋 <b>Вечерний итог:</b>\n""\n    ""Бро; ты сегодня просто машина! Твой лимит был {limit}₽; ""\n    ""а потратил ты всего {spent}₽. Сэкономленные <b>{saved}₽</b> ""\n    ""я мысленно откладываю в счет твоей"
EVENING_GREEN_2,evening_report,message,message,22:00 teaser / 23:30 auto-close / get_evening_message,EVENING_GREEN,EVENING_GREEN,random.choice(2-4),USED,419,"""🌟 <b>Управленческий триумф!</b>\n""\n    ""Потрачено всего {spent}₽ из {limit}₽. Ты удержал баланс; ""\n    ""а это значит; что мы на один шаг ближе к твоим целям. ""\n    ""Горжусь тобой; иди отдыхай! 🤜🤛"""
EVENING_GREEN_3,evening_report,message,message,22:00 teaser / 23:30 auto-close / get_evening_message,EVENING_GREEN,EVENING_GREEN,random.choice(2-4),USED,425,"""💎 <b>Финансовый флекс:</b>\n""\n    ""Сегодня мы не спустили деньги на ветер. Лимит: {limit}₽; ""\n    ""факт: {spent}₽. Кубышка довольно урчит; а Хотелка становится ""\n    ""ближе. Ложись спать с чистой "
EVENING_GREEN_4,evening_report,message,message,22:00 teaser / 23:30 auto-close / get_evening_message,EVENING_GREEN,EVENING_GREEN,random.choice(2-4),USED,431,"""🧘 <b>Дзен в кошельке:</b>\n""\n    ""{spent}₽ потрачено; {saved}₽ спасено. Ты контролируешь свои ""\n    ""деньги; а не они тебя. Отличный день; бро. Завтра продолжим ""\n    ""в том же духе!"""
EVENING_OVER_1,evening_report,message,message,22:00 teaser / 23:30 auto-close / get_evening_message,EVENING_OVER,EVENING_OVER,random.choice(2-4),USED,438,"""👀 <b>Ночной аудит:</b>\n""\n    ""Сегодня мы перебрали на <b>{over} ₽</b>. Математика штука упрямая: ""\n    ""если продолжим в том же духе; перейдём на гречку и воду уже через ""\n    ""<b>{days} дн.</b> "
EVENING_OVER_2,evening_report,message,message,22:00 teaser / 23:30 auto-close / get_evening_message,EVENING_OVER,EVENING_OVER,random.choice(2-4),USED,444,"""🔋 <b>Вечерний аудит:</b>\n""\n    ""Сегодня мы шиканули на лишние <b>{over} ₽</b>. Остаток периода — ""\n    ""<b>{days_left} дн.</b> — придётся аккуратнее. 🗺 Убираю калькулятор; ""\n    ""ложись спать; ут"
EVENING_OVER_3,evening_report,message,message,22:00 teaser / 23:30 auto-close / get_evening_message,EVENING_OVER,EVENING_OVER,random.choice(2-4),USED,450,"""📊 <b>Фиксирую дневной овердрафт:</b>\n""\n    ""Мы вышли за край на <b>{over} ₽</b>. Если не сбавим обороты; ""\n    ""последние <b>{days} дн.</b> до зарплаты придётся провести в режиме ""\n    ""супер-эко"
AUTO_CLOSE,morning_report,message,message,08:00 send_morning_reports per user,morning_report,,random.choice(2-4),USED,458,"(\n    ""🌙 <b>23:30 — Время вышло; подводим итоги автоматически.</b>\n\n""\n    ""За сегодня улетело: <b>{total} ₽</b>.\n""\n    ""День окончен; ложись отдыхать. Завтра начнём с чистого листа! ☕"";\n    ""🌙 "
ROUND_UP,other,message,message,other,other,,conditional (if/elif),UNUSED,477,"""\n\n🐖 Я округлил чек и закинул <b>{amount}₽</b> в «{goal}». Там уже <b>{total}₽</b>! 🚀"""
GREETINGS,common,message,message,global greeting / fallback,common,,conditional (if/elif),USED,482,"[\n    ""Наконец-то ты пришел! Давай сделаем так; чтобы твои деньги перестали испаряться"";\n    (\n        ""Наконец-то мы встретились! Я уже подготовил всё для нашего финансового прорыва. ""\n        ""О"
DEFAULT_CATEGORIES,categories,internal,message,Category management callbacks,categories,,conditional (if/elif),USED,495,"{\n    ""🍔 Еда"": [\n        ""еда"";\n        ""продукты"";\n        ""супермаркет"";\n        ""пятерочка"";\n        ""магнит"";\n        ""ашан"";\n        ""вкусвилл"";\n        ""обед"";\n        ""ужин"";\n       "
BTN_MANAGE_CATEGORIES,buttons,button,keyboard,shown in keyboard when handler builds InlineKeyboard,buttons,,conditional (if/elif),USED,567,"""🗂 Категории"""
BTN_CATEGORY_RENAME,buttons,button,keyboard,shown in keyboard when handler builds InlineKeyboard,BTN_CATEGORY,BTN_CATEGORY,conditional (if/elif),USED,568,"""✏️ Переименовать"""
BTN_CATEGORY_ARCHIVE,buttons,button,keyboard,shown in keyboard when handler builds InlineKeyboard,BTN_CATEGORY,BTN_CATEGORY,conditional (if/elif),USED,569,"""🗄 Архивировать"""
BTN_CATEGORY_UNARCHIVE,buttons,button,keyboard,shown in keyboard when handler builds InlineKeyboard,BTN_CATEGORY,BTN_CATEGORY,conditional (if/elif),USED,570,"""↩️ Вернуть из архива"""
BTN_CATEGORY_DELETE,buttons,button,keyboard,shown in keyboard when handler builds InlineKeyboard,BTN_CATEGORY,BTN_CATEGORY,conditional (if/elif),USED,571,"""🗑️ Удалить категорию"""
BTN_CATEGORY_DELETE_ARCHIVE,buttons,button,keyboard,shown in keyboard when handler builds InlineKeyboard,BTN_CATEGORY,BTN_CATEGORY,conditional (if/elif),USED,572,"""🗄 Архивировать (Рекомендуется)"""
BTN_CATEGORY_DELETE_MOVE,buttons,button,keyboard,shown in keyboard when handler builds InlineKeyboard,BTN_CATEGORY,BTN_CATEGORY,conditional (if/elif),USED,573,"""📦 Перенести в другую категорию"""
BTN_CATEGORY_DELETE_HARD,buttons,button,keyboard,shown in keyboard when handler builds InlineKeyboard,BTN_CATEGORY,BTN_CATEGORY,conditional (if/elif),USED,574,"""💣 Удалить насовсем"""
BTN_CATEGORY_DELETE_CONFIRM,buttons,button,keyboard,shown in keyboard when handler builds InlineKeyboard,BTN_CATEGORY,BTN_CATEGORY,conditional (if/elif),USED,575,"""✅ Да; удалить всё"""
BTN_CATEGORY_BACK_TO_LIST,buttons,button,keyboard,shown in keyboard when handler builds InlineKeyboard,BTN_CATEGORY,BTN_CATEGORY,conditional (if/elif),USED,576,"""⬅️ К списку категорий"""
CATEGORY_MANAGEMENT_TITLE,categories,message,message,Category management callbacks,categories,,conditional (if/elif),UNUSED,578,"""🗂 Настройка категорий (Страница {page} из {total})"""
CATEGORY_LIST_ACTIVE_HEADER,categories,message,message,Category management callbacks,CATEGORY_LIST,CATEGORY_LIST,conditional (if/elif),UNUSED,579,"""\nАктивные категории (нажми для изменения):"""
CATEGORY_LIST_ARCHIVED_HEADER,categories,message,message,Category management callbacks,CATEGORY_LIST,CATEGORY_LIST,conditional (if/elif),UNUSED,580,"""\n------- 🗄 Архивированные категории:"""
CATEGORY_LIST_ARCHIVED_SUFFIX,categories,message,message,Category management callbacks,CATEGORY_LIST,CATEGORY_LIST,conditional (if/elif),USED,581,""" (Архив)"""
CATEGORY_LIST_EMPTY,categories,message,message,Category management callbacks,CATEGORY_LIST,CATEGORY_LIST,conditional (if/elif),USED,582,"""У тебя пока нет категорий."""
CATEGORY_DETAIL_HEADER,categories,message,message,Category management callbacks,CATEGORY_DETAIL,CATEGORY_DETAIL,conditional (if/elif),USED,584,"""{emoji} <b>{name}</b>\n🗃 Трат в категории: {count}"""
CATEGORY_DETAIL_ARCHIVED_NOTE,categories,message,message,Category management callbacks,CATEGORY_DETAIL,CATEGORY_DETAIL,conditional (if/elif),USED,585,"""\n\n⚠️ Категория в архиве — не участвует в автокатегоризации и не показывается при выборе."""
CATEGORY_RENAME_PROMPT,categories,message,message,Category management callbacks,categories,,conditional (if/elif),USED,589,"""✏️ Напиши новое название для категории «{name}»:"""
CATEGORY_RENAMED,categories,message,message,Category management callbacks,categories,,conditional (if/elif),USED,590,"""✅ Категория переименована в «{name}»!"""
CATEGORY_ARCHIVED,categories,message,message,Category management callbacks,categories,,conditional (if/elif),USED,592,"""🗄 Категория «{name}» архивирована."""
CATEGORY_UNARCHIVED,categories,message,message,Category management callbacks,categories,,conditional (if/elif),USED,593,"""↩️ Категория «{name}» возвращена из архива."""
CATEGORY_DELETE_WARNING,categories,message,message,Category management callbacks,CATEGORY_DELETE,CATEGORY_DELETE,conditional (if/elif),USED,595,"""⚠️ <b>Вы удаляете категорию «{name}».</b>\n""\n    ""В ней уже есть <b>{count} трат</b> за этот период.\n\n""\n    ""Что с ними сделать?"""
CATEGORY_DELETE_MOVE_PROMPT,categories,message,message,Category management callbacks,CATEGORY_DELETE,CATEGORY_DELETE,conditional (if/elif),USED,600,"""📂 В какую категорию перенести траты?"""
CATEGORY_DELETED_MOVED,categories,message,message,Category management callbacks,CATEGORY_DELETED,CATEGORY_DELETED,conditional (if/elif),USED,601,"""✅ Категория «{name}» удалена. Траты перенесены в «{target}»."""
CATEGORY_DELETED_HARD,categories,message,message,Category management callbacks,CATEGORY_DELETED,CATEGORY_DELETED,conditional (if/elif),USED,602,"""💥 Категория «{name}» удалена насовсем. Траты обнулены."""
CATEGORY_DELETE_CONFIRM_PROMPT,categories,message,message,Category management callbacks,CATEGORY_DELETE,CATEGORY_DELETE,conditional (if/elif),USED,603,"""⚠️ <b>Вы уверены?</b> Это изменит твой баланс и отчёты за прошлые периоды. ""\n    ""Восстановить данные нельзя!"""
CATEGORY_NOT_FOUND,categories,message,message,Category management callbacks,categories,,conditional (if/elif),USED,607,"""❌ Категория не найдена."""
BTN_STATS,buttons,button,keyboard,shown in keyboard when handler builds InlineKeyboard,buttons,,conditional (if/elif),USED,610,"""📊 Статистика"""
BTN_MONTHLY_REPORT,buttons,button,keyboard,shown in keyboard when handler builds InlineKeyboard,buttons,,conditional (if/elif),USED,611,"""🗓️ Отчет за месяц"""
BTN_VIEW_HISTORY,buttons,button,keyboard,shown in keyboard when handler builds InlineKeyboard,buttons,,conditional (if/elif),USED,612,"""📜 Посмотреть историю трат"""
BTN_REPORT_PREV,buttons,button,keyboard,shown in keyboard when handler builds InlineKeyboard,BTN_REPORT,BTN_REPORT,conditional (if/elif),USED,613,"""◀️ {month}"""
BTN_REPORT_NEXT,buttons,button,keyboard,shown in keyboard when handler builds InlineKeyboard,BTN_REPORT,BTN_REPORT,conditional (if/elif),USED,614,"""{month} ▶️"""
BTN_REPORT_REFRESH,buttons,button,keyboard,shown in keyboard when handler builds InlineKeyboard,BTN_REPORT,BTN_REPORT,conditional (if/elif),USED,615,"""🔄 Обновить"""
MONTHLY_HEADER,monthly_report,message,message,monthly_summary / format_summary_text,monthly_report,,conditional (if/elif),USED,617,"""📊 Итог за {period_label}"""
MONTHLY_IN_PROGRESS,monthly_report,message,message,monthly_summary / format_summary_text,monthly_report,,conditional (if/elif),USED,618,""" ({period} в процессе ⏳)"""
MONTHLY_EGG_TOTEM,monthly_report,message,message,monthly_summary / format_summary_text,monthly_report,,conditional (if/elif),USED,619,"""🥚 Твой тотем {period} еще формируется!\n""\n    ""Сейчас ты лидируешь в категории «{top_cat}».\n""\n    ""Если продолжишь в том же духе; вылупится {totem_name}!"""
MONTHLY_TABLE_HDR,monthly_report,message,message,monthly_summary / format_summary_text,MONTHLY_TABLE,MONTHLY_TABLE,conditional (if/elif),UNUSED,624,"""{:<16} | {:>9} | {:>10}"""
MONTHLY_TABLE_ROW,monthly_report,message,message,monthly_summary / format_summary_text,MONTHLY_TABLE,MONTHLY_TABLE,conditional (if/elif),UNUSED,625,"""{:<16} | {:>9} | {:>10;} ₽"""
MONTHLY_TOTAL,monthly_report,message,message,monthly_summary / format_summary_text,MONTHLY_TOTAL,MONTHLY_TOTAL,conditional (if/elif),USED,626,"""─"" * 42 + ""\n{:<16}   {:>9}   {:>10;} ₽"""
MONTHLY_ZONE_TAG,monthly_report,message,message,monthly_summary / format_summary_text,MONTHLY_ZONE,MONTHLY_ZONE,conditional (if/elif),USED,627,"""Зона: {zone_emoji} {zone_label}"""
MONTHLY_AVG_DAY,monthly_report,message,message,monthly_summary / format_summary_text,monthly_report,,conditional (if/elif),USED,628,"""В день в среднем: {avg:;.0f} ₽"""
MONTHLY_DETAILS,monthly_report,message,message,monthly_summary / format_summary_text,MONTHLY_DETAILS,MONTHLY_DETAILS,conditional (if/elif),USED,629,"""• Финальный дневной лимит: {daily_limit:;.0f} ₽\n""\n    ""• Отложено через округление: +{rounding_total:;.0f} ₽\n""\n    ""• Кубышка: {black_day:;.0f} ₽ (использовано: {black_day_used:;.0f} ₽)\n""\n    """
MONTHLY_EMPTY,monthly_report,message,message,monthly_summary / format_summary_text,monthly_report,,conditional (if/elif),USED,636,"""📭 За этот период пока нет трат. Начни записывать — я покажу отчёт!"""
MONTHLY_TOTEM_TRAVEL,monthly_report,message,message,monthly_summary / format_summary_text,MONTHLY_TOTEM,MONTHLY_TOTEM,substring match TOTEM_MAP,USED,638,"""🐸 «Ква-ква! Смотрите; как я лечу!» — в этом месяце ты в точности как та самая ""\n    ""Лягушка-путешественница на прутике. Твой бюджет колесил на такси; автобусах ""\n    ""или своих двоих быстрее звука"
MONTHLY_TOTEM_FOOD,monthly_report,message,message,monthly_summary / format_summary_text,MONTHLY_TOTEM,MONTHLY_TOTEM,substring match TOTEM_MAP,USED,643,"""🍯 «Кто ходит в гости по утрам — тот поступает мудро!» В этом месяце ты ""\n    ""заходил в кафе и рестораны так часто; что бюджет застрял в дверях; ""\n    ""как Винни-Пух после меда и сгущенки. В новом "
MONTHLY_TOTEM_SHOPPING,monthly_report,message,message,monthly_summary / format_summary_text,MONTHLY_TOTEM,MONTHLY_TOTEM,substring match TOTEM_MAP,USED,648,"""✨ «Карета превратится в тыкву; если не перестать скроллить корзину!» ""\n    ""В этом месяце маркетплейсы и одежда забирали лимиты один за другим. ""\n    ""Образ ослепительный; но давай устроим бюджету "
MONTHLY_TOTEM_FUN,monthly_report,message,message,monthly_summary / format_summary_text,MONTHLY_TOTEM,MONTHLY_TOTEM,substring match TOTEM_MAP,USED,653,"""🎨 «Ребята; давайте жить дружно... и весело!» Траты на культуру; ""\n    ""развлечения и Гэс-2 шли на полную мощность. Леопольд одобряет уровень ""\n    ""эндорфинов; но к новому периоду подкрутим калькул"
MONTHLY_TOTEM_HEALTH,monthly_report,message,message,monthly_summary / format_summary_text,MONTHLY_TOTEM,MONTHLY_TOTEM,substring match TOTEM_MAP,USED,658,"""🏋️‍♂️ «Приходи к нему лечиться и корова; и волчица!» В этом месяце ""\n    ""бюджет работал в режиме заботы о себе. Спорт; здоровье и красота — ""\n    ""самые окупаемые инвестиции. Ты строишь лучшую вер"
MONTHLY_TOTEM_HOME,monthly_report,message,message,monthly_summary / format_summary_text,MONTHLY_TOTEM,MONTHLY_TOTEM,substring match TOTEM_MAP,USED,663,"""🏡 «Хозяйственный я!» В этом месяце кошелёк контролировал мудрый ""\n    ""Домовёнок Кузя. Все лимиты ушли в уют; обустройство дома или ""\n    ""регулярные подписки. Дома тепло и сытно!"""
MONTHLY_TOTEM_DEFAULT,monthly_report,message,message,monthly_summary / format_summary_text,MONTHLY_TOTEM,MONTHLY_TOTEM,substring match TOTEM_MAP,USED,668,"""🍊 В этом месяце твоей главной тратой стало нечто загадочное; ""\n    ""прямо как Чебурашка в ящике с апельсинами! Категория ""\n    ""«{category}» съела больше всего лимита. Бот пока не понимает; ""\n    "
MONTHLY_NO_CATEGORY,monthly_report,message,message,monthly_summary / format_summary_text,MONTHLY_NO,MONTHLY_NO,conditional (if/elif),USED,675,"""Без категории"""
MONTHLY_NO_DATA,monthly_report,message,message,monthly_summary / format_summary_text,MONTHLY_NO,MONTHLY_NO,conditional (if/elif),USED,676,"""Нет данных"""
MONTHLY_ZONE_GREEN,monthly_report,message,message,monthly_summary / format_summary_text,MONTHLY_ZONE,MONTHLY_ZONE,conditional (if/elif),USED,677,"""Зелёная"""
MONTHLY_ZONE_BLUE,monthly_report,message,message,monthly_summary / format_summary_text,MONTHLY_ZONE,MONTHLY_ZONE,conditional (if/elif),USED,678,"""Синяя"""
MONTHLY_ZONE_YELLOW,monthly_report,message,message,monthly_summary / format_summary_text,MONTHLY_ZONE,MONTHLY_ZONE,conditional (if/elif),USED,679,"""Жёлтая"""
MONTHLY_ZONE_RED,monthly_report,message,message,monthly_summary / format_summary_text,MONTHLY_ZONE,MONTHLY_ZONE,conditional (if/elif),USED,680,"""Красная"""
MONTHLY_TOTAL_SPENT,monthly_report,message,message,monthly_summary / format_summary_text,MONTHLY_TOTAL,MONTHLY_TOTAL,conditional (if/elif),USED,681,"""Всего потрачено: {amount} ₽"""
MONTHLY_BUDGET_LABEL,monthly_report,message,message,monthly_summary / format_summary_text,monthly_report,,conditional (if/elif),USED,682,"""Бюджет: {amount} ₽"""
MONTHLY_TOP_HEADER,monthly_report,message,message,monthly_summary / format_summary_text,monthly_report,,conditional (if/elif),USED,683,"""Топ расходов по категориям:"""
MONTHLY_TABLE_CAPTION,monthly_report,message,message,monthly_summary / format_summary_text,MONTHLY_TABLE,MONTHLY_TABLE,conditional (if/elif),USED,684,"""Распределение трат за период"""
MONTHLY_TABLE_COL_CATEGORY,monthly_report,message,message,monthly_summary / format_summary_text,MONTHLY_TABLE,MONTHLY_TABLE,conditional (if/elif),USED,685,"""Категория"""
MONTHLY_TABLE_COL_COUNT,monthly_report,message,message,monthly_summary / format_summary_text,MONTHLY_TABLE,MONTHLY_TABLE,conditional (if/elif),USED,686,"""Операций"""
MONTHLY_TABLE_COL_AMOUNT,monthly_report,message,message,monthly_summary / format_summary_text,MONTHLY_TABLE,MONTHLY_TABLE,conditional (if/elif),USED,687,"""Сумма"""
MONTHLY_TOTAL_LABEL,monthly_report,message,message,monthly_summary / format_summary_text,MONTHLY_TOTAL,MONTHLY_TOTAL,conditional (if/elif),USED,688,"""Итого: {amount} ₽"""
MONTHLY_ROUNDING_LABEL,monthly_report,message,message,monthly_summary / format_summary_text,monthly_report,,conditional (if/elif),USED,689,"""Округления за период: +{amount} ₽"""
MONTHLY_PERIOD_LABEL,monthly_report,message,message,monthly_summary / format_summary_text,monthly_report,,conditional (if/elif),USED,690,"""Период: {label}"""
MONTHLY_DETAILS_SUMMARY,monthly_report,message,message,monthly_summary / format_summary_text,MONTHLY_DETAILS,MONTHLY_DETAILS,conditional (if/elif),USED,691,"""Детали расчёта"""
ROLLOVER_OFFER,rollover,message,message,period_end+1 morning + rollover_keep/edit,rollover,,conditional (if/elif),USED,693,"""🎯 План на новый период (с {old_date}-го числа):\n""\n    ""На основе прошлых месяцев твой средний чек — {avg:;.0f} ₽.\n""\n    ""Оставляем доход {old_income:;.0f} ₽ и старые лимиты?"""
ROLLOVER_CONFIRMED,rollover,message,message,period_end+1 morning + rollover_keep/edit,rollover,,conditional (if/elif),USED,698,"""✅ План продлён. Твой свежий лимит на сутки — {daily_limit} ₽. Поехали. 🚀"""
MENU_KEYWORDS,common,internal,message,global greeting / fallback,common,,conditional (if/elif),USED,701,"{""меню""; ""помощь""; ""настройки""; ""статус""; ""статистика""; ""назад""; ""отмена""}"
BTN_DUP_DEL,buttons,button,keyboard,shown in keyboard when handler builds InlineKeyboard,BTN_DUP,BTN_DUP,conditional (if/elif),USED,704,"""❌ Это дубль"""
BTN_DUP_CONFIRM,buttons,button,keyboard,shown in keyboard when handler builds InlineKeyboard,BTN_DUP,BTN_DUP,conditional (if/elif),USED,705,"""✅ Да; это вторая трата"""
DUP_WARNING,duplicate,message,message,DuplicateMiddleware warn/confirm,duplicate,,conditional (if/elif),USED,707,"""🤝 Бро; я буквально 5 секунд назад уже записал {amount} ₽ на {desc}. ""\n    ""Это дубль из-за интернета или ты правда взял два {desc} подряд?"""
DUP_CONFIRMED,duplicate,message,message,DuplicateMiddleware warn/confirm,duplicate,,conditional (if/elif),USED,712,"""☕️ Второй расход на {desc} ({amount} ₽) тоже успешно добавлен!\n""\n    ""Твой обновленный баланс на сегодня: {balance} ₽. ""\n    ""Красиво жить не запретишь! 😎"""
DUP_DELETED,duplicate,message,message,DuplicateMiddleware warn/confirm,duplicate,,conditional (if/elif),USED,718,"""Ок; дубль отменён. Первая трата «{amount} ₽ на {desc}» на месте; баланс в безопасности."""
BTN_RECOVERY_FAST,buttons,button,keyboard,shown in keyboard when handler builds InlineKeyboard,BTN_RECOVERY,BTN_RECOVERY,conditional (if/elif),USED,723,"""⚡ Быстрее"""
BTN_RECOVERY_BALANCED,buttons,button,keyboard,shown in keyboard when handler builds InlineKeyboard,BTN_RECOVERY,BTN_RECOVERY,conditional (if/elif),USED,724,"""⚖️ Баланс"""
BTN_RECOVERY_SOFT,buttons,button,keyboard,shown in keyboard when handler builds InlineKeyboard,BTN_RECOVERY,BTN_RECOVERY,conditional (if/elif),USED,725,"""🌿 Мягче"""
BTN_RECOVERY_TRY,buttons,button,keyboard,shown in keyboard when handler builds InlineKeyboard,BTN_RECOVERY,BTN_RECOVERY,conditional (if/elif),USED,726,"""👍 Попробую"""
BTN_RECOVERY_DISMISS,buttons,button,keyboard,shown in keyboard when handler builds InlineKeyboard,BTN_RECOVERY,BTN_RECOVERY,conditional (if/elif),USED,727,"""Не сейчас"""
BTN_RECOVERY_PLAN,buttons,button,keyboard,shown in keyboard when handler builds InlineKeyboard,BTN_RECOVERY,BTN_RECOVERY,conditional (if/elif),USED,728,"""💡 План восстановления"""
BTN_RECOVERY_STOP,buttons,button,keyboard,shown in keyboard when handler builds InlineKeyboard,BTN_RECOVERY,BTN_RECOVERY,conditional (if/elif),USED,729,"""⏹ Остановить восстановление"""
BTN_RECOVERY_CHOOSE,buttons,button,keyboard,shown in keyboard when handler builds InlineKeyboard,BTN_RECOVERY,BTN_RECOVERY,conditional (if/elif),UNUSED,730,"""Выбрать план"""
RECOVERY_OFFER_TITLE,recovery,message,message,"trigger 0.85, dismiss, active, budget_change, evening",RECOVERY_OFFER,RECOVERY_OFFER,conditional (trigger/deficit/days),USED,732,"""🧘 Восстановление"""
RECOVERY_OFFER_SINGLE,recovery,message,message,"trigger 0.85, dismiss, active, budget_change, evening",RECOVERY_OFFER,RECOVERY_OFFER,conditional (trigger/deficit/days),USED,733,"""Сейчас подходит только один план восстановления."""
RECOVERY_OFFER_MULTI,recovery,message,message,"trigger 0.85, dismiss, active, budget_change, evening",RECOVERY_OFFER,RECOVERY_OFFER,conditional (trigger/deficit/days),USED,734,"""🧘 Можно восстановить обычный лимит."""
RECOVERY_BASELINE,recovery,message,message,"trigger 0.85, dismiss, active, budget_change, evening",recovery,,conditional (trigger/deficit/days),USED,735,"""Обычный лимит: {amount} ₽/день"""
RECOVERY_OPTION_LINE,recovery,message,message,"trigger 0.85, dismiss, active, budget_change, evening",RECOVERY_OPTION,RECOVERY_OPTION,conditional (trigger/deficit/days),USED,736,"""{icon} {label} — {target} ₽ · {days} {days_word}"""
RECOVERY_TAIL_LINE,recovery,message,message,"trigger 0.85, dismiss, active, budget_change, evening",recovery,,conditional (trigger/deficit/days),USED,737,"""→ потом {baseline} ₽/день ещё {tail} {tail_word}"""
RECOVERY_DISMISSED,recovery,message,message,"trigger 0.85, dismiss, active, budget_change, evening",recovery,,conditional (trigger/deficit/days),USED,738,"""Хорошо. Пока просто продолжаем по текущему лимиту."""
RECOVERY_CHOSEN,recovery,message,message,"trigger 0.85, dismiss, active, budget_change, evening",recovery,,conditional (trigger/deficit/days),USED,739,"""Договорились. Начинаем."""
RECOVERY_STOPPED,recovery,message,message,"trigger 0.85, dismiss, active, budget_change, evening",recovery,,conditional (trigger/deficit/days),USED,740,"""Восстановление остановлено."""
RECOVERY_DAILY_ACTIVE,recovery,message,message,"trigger 0.85, dismiss, active, budget_change, evening",RECOVERY_DAILY,RECOVERY_DAILY,conditional (trigger/deficit/days),USED,741,"""🧘 Восстановление · день {cur} из {total}\n""\n    ""{target} ₽ · {days} {days_word}\n""\n    ""После этого — {baseline} ₽/день ещё {tail} {tail_word}."""
RECOVERY_DAILY_OFFER,recovery,message,message,"trigger 0.85, dismiss, active, budget_change, evening",RECOVERY_DAILY,RECOVERY_DAILY,conditional (trigger/deficit/days),USED,746,"""💡 Можно вернуть обычный лимит\nСейчас: {dl_pred} ₽/день\n"""
RECOVERY_EVENING_SAVED,recovery,message,message,"trigger 0.85, dismiss, active, budget_change, evening",RECOVERY_EVENING,RECOVERY_EVENING,conditional (trigger/deficit/days),USED,747,"""Потрачено {spent} ₽ из {target} ₽ · сэкономлено {saved} ₽"""
RECOVERY_EVENING_EXACT,recovery,message,message,"trigger 0.85, dismiss, active, budget_change, evening",RECOVERY_EVENING,RECOVERY_EVENING,conditional (trigger/deficit/days),USED,748,"""Потрачено {spent} ₽ из {target} ₽."""
RECOVERY_EVENING_GOOD,recovery,message,message,"trigger 0.85, dismiss, active, budget_change, evening",RECOVERY_EVENING,RECOVERY_EVENING,conditional (trigger/deficit/days),USED,749,"""Так держать 👍"""
RECOVERY_EVENING_SHORTENED,recovery,message,message,"trigger 0.85, dismiss, active, budget_change, evening",RECOVERY_EVENING,RECOVERY_EVENING,conditional (trigger/deficit/days),USED,750,"""🎉 Восстановление: {old} → {new} {word}"""
RECOVERY_EVENING_FORECAST,recovery,message,message,"trigger 0.85, dismiss, active, budget_change, evening",RECOVERY_EVENING,RECOVERY_EVENING,conditional (trigger/deficit/days),USED,751,"""Если завтра получится так же; восстановление сократится ещё на {n} {word}."""
RECOVERY_EVENING_SLIGHT,recovery,message,message,"trigger 0.85, dismiss, active, budget_change, evening",RECOVERY_EVENING,RECOVERY_EVENING,conditional (trigger/deficit/days),USED,754,"""Сегодня немного вышел за план. Завтра разберёмся."""
RECOVERY_EVENING_HEAVY,recovery,message,message,"trigger 0.85, dismiss, active, budget_change, evening",RECOVERY_EVENING,RECOVERY_EVENING,conditional (trigger/deficit/days),USED,755,"""Сегодня вышел за план. Завтра разберёмся. Спокойной ночи 🌙"""
RECOVERY_SUCCESS,recovery,message,message,"trigger 0.85, dismiss, active, budget_change, evening",recovery,,conditional (trigger/deficit/days),USED,756,"""🎉 Обычный лимит вернулся\nТеперь можно снова ориентироваться на {baseline} ₽/день."""
RECOVERY_BUDGET_DONE,recovery,message,message,"trigger 0.85, dismiss, active, budget_change, evening",RECOVERY_BUDGET,RECOVERY_BUDGET,conditional (trigger/deficit/days),USED,759,"""🎉 Доход обновлён — обычный лимит снова доступен.\nВосстановление больше не нужно."""
RECOVERY_BUDGET_SHORTENED,recovery,message,message,"trigger 0.85, dismiss, active, budget_change, evening",RECOVERY_BUDGET,RECOVERY_BUDGET,conditional (trigger/deficit/days),USED,762,"""🎉 После изменения бюджета восстановление стало короче: {old} → {new} {word}."""
RECOVERY_PERIOD_END,recovery,message,message,"trigger 0.85, dismiss, active, budget_change, evening",recovery,,conditional (trigger/deficit/days),USED,765,"""Период заканчивается; поэтому восстановление здесь уже не запускаем.\n""\n    ""Дальше ориентируемся на текущий дневной лимит."""
RECOVERY_NEED_REPLAN,recovery,message,message,"trigger 0.85, dismiss, active, budget_change, evening",recovery,,conditional (trigger/deficit/days),UNUSED,769,"""План нужно немного скорректировать."""
RECOVERY_BUDGET_REPLAN,recovery,message,message,"trigger 0.85, dismiss, active, budget_change, evening",RECOVERY_BUDGET,RECOVERY_BUDGET,conditional (trigger/deficit/days),UNUSED,770,"""Бюджет изменился; поэтому план восстановления нужно обновить."""
RECOVERY_ALREADY_ACTIVE,recovery,message,message,"trigger 0.85, dismiss, active, budget_change, evening",recovery,,conditional (trigger/deficit/days),USED,771,"""Уже есть активное восстановление"""
RECOVERY_OPTION_STALE,recovery,message,message,"trigger 0.85, dismiss, active, budget_change, evening",RECOVERY_OPTION,RECOVERY_OPTION,conditional (trigger/deficit/days),USED,772,"""Вариант больше не доступен; показал актуальные"""
RECOVERY_EVENING_HEADER,recovery,message,message,"trigger 0.85, dismiss, active, budget_change, evening",RECOVERY_EVENING,RECOVERY_EVENING,conditional (trigger/deficit/days),USED,773,"""🧘 Восстановление · день {cur} из {total}"""
ERR_ROLLOVER_NOT_FOUND,errors,error,message,on validation failure / exception,errors,,conditional (if/elif),USED,774,"""⚠️ Исходный бюджет не найден."""
ROLLOVER_ASK_INCOME,rollover,message,message,period_end+1 morning + rollover_keep/edit,rollover,,conditional (if/elif),USED,775,"""💰 В прошлом периоде твой доход был {amount} ₽. Сколько залетает сейчас?"""
ROLLOVER_WITH_DETAILS,rollover,message,message,period_end+1 morning + rollover_keep/edit,rollover,,conditional (if/elif),USED,776,"""✅ План продлён.\n\n📋 Перенесено из прошлого периода:\n{parts}\n\n💰 Дневной лимит: {limit}₽. Поехали. 🚀"""
STATUS_ZONE_ATAS,status,message,message,_build_status on menu_status / BTN_DAILY_LIMIT,STATUS_ZONE,STATUS_ZONE,conditional (if/elif),USED,778,"""Атас"""
STATUS_ZONE_FINISH,status,message,message,_build_status on menu_status / BTN_DAILY_LIMIT,STATUS_ZONE,STATUS_ZONE,conditional (if/elif),USED,779,"""Финиш"""
STATUS_ZONE_IN_LIMIT,status,message,message,_build_status on menu_status / BTN_DAILY_LIMIT,STATUS_ZONE,STATUS_ZONE,conditional (if/elif),USED,780,"""В лимите"""
STATUS_ZONE_CAN_MORE,status,message,message,_build_status on menu_status / BTN_DAILY_LIMIT,STATUS_ZONE,STATUS_ZONE,conditional (if/elif),USED,781,"""Можно больше"""
STATUS_ZONE_ON_EDGE,status,message,message,_build_status on menu_status / BTN_DAILY_LIMIT,STATUS_ZONE,STATUS_ZONE,conditional (if/elif),USED,782,"""На грани"""
STATUS_ZONE_CRITICAL,status,message,message,_build_status on menu_status / BTN_DAILY_LIMIT,STATUS_ZONE,STATUS_ZONE,conditional (if/elif),USED,783,"""Критично"""
STATUS_REMAINING_FREE,status,message,message,_build_status on menu_status / BTN_DAILY_LIMIT,STATUS_REMAINING,STATUS_REMAINING,conditional (if/elif),USED,784,"""Свободно {amount} ₽"""
STATUS_REMAINING_ZERO,status,message,message,_build_status on menu_status / BTN_DAILY_LIMIT,STATUS_REMAINING,STATUS_REMAINING,conditional (if/elif),USED,785,"""Свободно 0 ₽ ⛔"""
STATUS_SPENT,status,message,message,_build_status on menu_status / BTN_DAILY_LIMIT,STATUS_SPENT,STATUS_SPENT,conditional (if/elif),USED,786,"""Потрачено {amount} ₽"""
STATUS_RESERVES_HEADER,status,message,message,_build_status on menu_status / BTN_DAILY_LIMIT,status,,conditional (if/elif),USED,787,"""Резервы под охраной"""
STATUS_BALANCE_TITLE,status,message,message,_build_status on menu_status / BTN_DAILY_LIMIT,status,,conditional (if/elif),USED,788,"""БАЛАНС"""
STATUS_TODAY_TITLE,status,message,message,_build_status on menu_status / BTN_DAILY_LIMIT,status,,conditional (if/elif),USED,789,"""Сегодня"""
STATUS_PERIOD_TITLE,status,message,message,_build_status on menu_status / BTN_DAILY_LIMIT,STATUS_PERIOD,STATUS_PERIOD,conditional (if/elif),USED,790,"""Период (до {end} · {days} дн.)"""
STATUS_REMAINING_PERIOD,status,message,message,_build_status on menu_status / BTN_DAILY_LIMIT,STATUS_REMAINING,STATUS_REMAINING,conditional (if/elif),USED,791,"""Остаток {amount} ₽ · Лимит {limit} ₽/день"""
STATUS_FOOTER_END_EMPTY_1,status,message,message,_build_status on menu_status / BTN_DAILY_LIMIT,STATUS_FOOTER,STATUS_FOOTER,random.choice(2-4),USED,792,"""Финишная прямая! Кошелёк пуст. Держимся на морально-волевых; без новых долгов!"""
STATUS_FOOTER_END_EMPTY_2,status,message,message,_build_status on menu_status / BTN_DAILY_LIMIT,STATUS_FOOTER,STATUS_FOOTER,random.choice(2-4),USED,795,"""До конца периода пара дней; а мы на нуле. Терпим; финиш уже виден!"""
STATUS_FOOTER_END_EMPTY_3,status,message,message,_build_status on menu_status / BTN_DAILY_LIMIT,STATUS_FOOTER,STATUS_FOOTER,random.choice(2-4),USED,796,"""Последние метры; денег нет. Но мы доползём без кредитов!"""
STATUS_FOOTER_END_OK_1,status,message,message,_build_status on menu_status / BTN_DAILY_LIMIT,STATUS_FOOTER,STATUS_FOOTER,random.choice(2-4),USED,797,"""Осталось пару дней; а у нас ещё есть кэш! Досрочная победа!"""
STATUS_FOOTER_END_OK_2,status,message,message,_build_status on menu_status / BTN_DAILY_LIMIT,STATUS_FOOTER,STATUS_FOOTER,random.choice(2-4),USED,798,"""Финишная прямая; в кармане шуршат купюры! Горжусь дисциплиной!"""
STATUS_FOOTER_END_OK_3,status,message,message,_build_status on menu_status / BTN_DAILY_LIMIT,STATUS_FOOTER,STATUS_FOOTER,random.choice(2-4),USED,799,"""Период почти закрыт; бюджет не пробит! Абсолютная победа!"""
STATUS_FOOTER_GREEN_1,status,message,message,_build_status on menu_status / BTN_DAILY_LIMIT,STATUS_FOOTER,STATUS_FOOTER,random.choice(2-4),USED,800,"""Идём идеально по графику! Прогнозный лимит: {limit} ₽/день. Жаба спокойна!"""
STATUS_FOOTER_GREEN_2,status,message,message,_build_status on menu_status / BTN_DAILY_LIMIT,STATUS_FOOTER,STATUS_FOOTER,random.choice(2-4),USED,801,"""Всё пучком. Лимит комфортный. Продолжай в том же духе!"""
STATUS_FOOTER_GREEN_3,status,message,message,_build_status on menu_status / BTN_DAILY_LIMIT,STATUS_FOOTER,STATUS_FOOTER,random.choice(2-4),USED,802,"""Финансовая карма в порядке. Можно позволить себе чуточку больше!"""
STATUS_FOOTER_YELLOW_LIGHT_1,status,message,message,_build_status on menu_status / BTN_DAILY_LIMIT,STATUS_FOOTER,STATUS_FOOTER,random.choice(2-4),USED,803,"""Заметил; мы ускорились. Лимит сожмётся до {limit} ₽. Притормози?"""
STATUS_FOOTER_YELLOW_LIGHT_2,status,message,message,_build_status on menu_status / BTN_DAILY_LIMIT,STATUS_FOOTER,STATUS_FOOTER,random.choice(2-4),USED,804,"""Съезжаем с курса. Прогноз {limit} ₽/день. Включи осознанность."""
STATUS_FOOTER_YELLOW_LIGHT_3,status,message,message,_build_status on menu_status / BTN_DAILY_LIMIT,STATUS_FOOTER,STATUS_FOOTER,random.choice(2-4),USED,805,"""График пополз вниз. Прогноз {limit} ₽/день — удержим планку?"""
STATUS_FOOTER_YELLOW_CUBBY_GREEN,status,message,message,_build_status on menu_status / BTN_DAILY_LIMIT,STATUS_FOOTER,STATUS_FOOTER,random.choice(2-4),USED,806,"""Кубышка ({saving}₽) вернёт в зелень — {limit}₽/день"""
STATUS_FOOTER_YELLOW_CUBBY_BLUE,status,message,message,_build_status on menu_status / BTN_DAILY_LIMIT,STATUS_FOOTER,STATUS_FOOTER,random.choice(2-4),USED,807,"""Кубышка подстрахует — {limit}₽/день"""
STATUS_FOOTER_YELLOW_NONE_1,status,message,message,_build_status on menu_status / BTN_DAILY_LIMIT,STATUS_FOOTER,STATUS_FOOTER,random.choice(2-4),USED,808,"""Лимит сожмётся до {limit} ₽/день. Режим супер-экономии."""
STATUS_FOOTER_YELLOW_NONE_2,status,message,message,_build_status on menu_status / BTN_DAILY_LIMIT,STATUS_FOOTER,STATUS_FOOTER,random.choice(2-4),USED,809,"""Прогноз {limit} ₽/день. Постарайся сегодня ничего не покупать!"""
STATUS_FOOTER_YELLOW_NONE_3,status,message,message,_build_status on menu_status / BTN_DAILY_LIMIT,STATUS_FOOTER,STATUS_FOOTER,random.choice(2-4),USED,810,"""До конца периода — гречка. Лимит {limit} ₽/день. Держимся!"""
STATUS_FOOTER_RED_CUBBY_GREEN,status,message,message,_build_status on menu_status / BTN_DAILY_LIMIT,STATUS_FOOTER,STATUS_FOOTER,random.choice(2-4),USED,811,"""Кубышка ({saving}₽) вернёт в зелень — {limit}₽/день"""
STATUS_FOOTER_RED_CUBBY_BLUE,status,message,message,_build_status on menu_status / BTN_DAILY_LIMIT,STATUS_FOOTER,STATUS_FOOTER,random.choice(2-4),USED,812,"""Кубышка смягчит до {limit}₽/день"""
STATUS_FOOTER_RED_CUBBY_YELLOW,status,message,message,_build_status on menu_status / BTN_DAILY_LIMIT,STATUS_FOOTER,STATUS_FOOTER,random.choice(2-4),USED,813,"""Кубышка поднимет до {limit}₽/день"""
STATUS_FOOTER_RED_DEAD_1,status,message,message,_build_status on menu_status / BTN_DAILY_LIMIT,STATUS_FOOTER,STATUS_FOOTER,random.choice(2-4),USED,814,"""Пробили дно! Деньги кончились. Пора пересобрать бюджет."""
STATUS_FOOTER_RED_DEAD_2,status,message,message,_build_status on menu_status / BTN_DAILY_LIMIT,STATUS_FOOTER,STATUS_FOOTER,random.choice(2-4),USED,815,"""Дальше ехать некуда. Пора пересчитать лимит?"""
STATUS_FOOTER_RED_DEAD_3,status,message,message,_build_status on menu_status / BTN_DAILY_LIMIT,STATUS_FOOTER,STATUS_FOOTER,random.choice(2-4),USED,816,"""Математика не бьётся с картой. Пора обнулить месяц!"""
SETTINGS_PERIOD_WHOLE,settings_budget,message,message,settings / advanced / mandatory / savings / wishlist,SETTINGS_PERIOD,SETTINGS_PERIOD,conditional (if/elif),USED,817,"""📅 Период: весь месяц"""
SETTINGS_PERIOD_FROM,settings_budget,message,message,settings / advanced / mandatory / savings / wishlist,SETTINGS_PERIOD,SETTINGS_PERIOD,conditional (if/elif),USED,818,"""📅 Период: с {day}-го"""
SETTINGS_MONEY_FREE,settings_budget,message,message,settings / advanced / mandatory / savings / wishlist,SETTINGS_MONEY,SETTINGS_MONEY,conditional (if/elif),USED,819,"""💰 Свободно: {amount}₽"""
SETTINGS_MONEY_INCOME,settings_budget,message,message,settings / advanced / mandatory / savings / wishlist,SETTINGS_MONEY,SETTINGS_MONEY,conditional (if/elif),USED,820,"""💰 Доход: {amount}₽"""
SETTINGS_BUDGET_TITLE,settings_budget,message,message,settings / advanced / mandatory / savings / wishlist,settings_budget,,conditional (if/elif),USED,821,"""⚙️ Что меняем?\n\n📊 Бюджет\n<blockquote>{money}\n{period}</blockquote>"""
ADVANCED_PLANNING_TITLE,settings_budget,message,message,settings / advanced / mandatory / savings / wishlist,settings_budget,,conditional (if/elif),USED,822,"""🧾 Дополнительное планирование\n\n📌 Обязательные: {mandatory}₽\n🏦 Кубышка: {saving}₽\n🎯 {wishlist}: {target}₽"""
ONBOARDING_INCOME_ACCEPTED,onboarding,message,message,BudgetSetup FSM / /start,onboarding,,conditional (if/elif),USED,823,"""✅ Принял!"""
ROLLOVER_KEEP_DATE_PROMPT,rollover,message,message,period_end+1 morning + rollover_keep/edit,rollover,,conditional (if/elif),USED,824,"""🗓️ Обычно мы стартуем {date}-го числа. Меняем дату начала периода?"""
ROLLOVER_CARRIED_MANDATORY,rollover,message,message,period_end+1 morning + rollover_keep/edit,ROLLOVER_CARRIED,ROLLOVER_CARRIED,conditional (if/elif),USED,825,"""• Обязательные: {amount}₽"""
ROLLOVER_CARRIED_SAVINGS,rollover,message,message,period_end+1 morning + rollover_keep/edit,ROLLOVER_CARRIED,ROLLOVER_CARRIED,conditional (if/elif),USED,826,"""• Кубышка: {amount}₽"""
ROLLOVER_CARRIED_WISHLIST,rollover,message,message,period_end+1 morning + rollover_keep/edit,ROLLOVER_CARRIED,ROLLOVER_CARRIED,conditional (if/elif),USED,827,"""• {name}: {amount}₽"""
STATUS_RESERVE_MANDATORY,status,message,message,_build_status on menu_status / BTN_DAILY_LIMIT,STATUS_RESERVE,STATUS_RESERVE,conditional (if/elif),USED,828,"""Обязательные {amount}"""
STATUS_RESERVE_SAVINGS,status,message,message,_build_status on menu_status / BTN_DAILY_LIMIT,STATUS_RESERVE,STATUS_RESERVE,conditional (if/elif),USED,829,"""Кубышка {amount}"""
STATUS_RESERVE_WISHLIST,status,message,message,_build_status on menu_status / BTN_DAILY_LIMIT,STATUS_RESERVE,STATUS_RESERVE,conditional (if/elif),USED,830,"""Хотелка {amount}"""
STATUS_BUDGET_COMPLETE,status,message,message,_build_status on menu_status / BTN_DAILY_LIMIT,status,,conditional (if/elif),USED,831,"""🎉 <b>Готово!</b>\n\n📊 Бюджет на {month}:\n• Доход: {income}₽\n💰 <b>Дневной лимит: {limit}₽</b>\n\n{hint}"""
WISHLIST_SAVED,settings_budget,message,message,settings / advanced / mandatory / savings / wishlist,settings_budget,,conditional (if/elif),USED,832,"""✅ Готово; {name}! Хотелка: {wishlist} — {price}₽"""
BALANCE_UNKNOWN,common,message,message,global greeting / fallback,common,,conditional (if/elif),USED,833,"""неизвестно"""
PERIOD_DAY_SUFFIX,onboarding,message,message,BudgetSetup FSM / /start,onboarding,,conditional (if/elif),USED,834,"""-го"""
FALLBACK_DESC,common,internal,message,global greeting / fallback,common,,conditional (if/elif),USED,837,"""трата"""
DEFAULT_WISHLIST_NAME,common,internal,message,global greeting / fallback,common,,conditional (if/elif),USED,838,"""Хотелка"""
DEFAULT_CATEGORY,common,internal,message,global greeting / fallback,common,,conditional (if/elif),USED,839,"(""📦""; ""Прочее"")"
